q,n,rho,v2,reps,denominator,coverage,mcse,failures,conditional_coverage,scaled_log_q025,scaled_log_q50,scaled_log_q975,scaled_log_q025_mcse,scaled_log_q50_mcse,scaled_log_q975_mcse,scaled_log_sd,tail_lower,tail_upper,delta_coverage,delta_mcse,corrected_normal_coverage,pit_KS,transport_minus_delta,paired_mcse
4,50,0.0,1.0,50000,SN,0.95204,0.0009556132941729097,0,0.95204,-16.895245584543545,-4.495841919590122,7.112497286920667,0.08075886553946228,0.0349105830515362,0.07507464240167001,6.144580048441279,0.02466,0.0233,0.87542,0.0014768874269896132,0.9518,0.003655893201071625,0.07662,0.0014947348248582197
4,50,0.0,1.0,50000,stable,0.95202,0.0009558024858724737,0,0.95202,-16.727068384495606,-4.333301696224632,7.2809299398270575,0.08709126909656056,0.033229576501207767,0.0786471874556719,6.139706380211557,0.02466,0.02332,0.88094,0.0014483419237182914,0.95202,0.003483507316782819,0.07108,0.0014614360704142204
4,50,0.0,1e-06,50000,SN,0.95204,0.0009556132941729097,0,0.95204,-16.89524558454356,-4.495841919590111,7.112497286920643,0.08075886553946712,0.03491058305153426,0.07507464240167125,6.14458004844128,0.02466,0.0233,0.87542,0.0014768874269896132,0.9518,0.0036558932010739564,0.07662,0.0014947348248582197
4,50,0.0,1e-06,50000,stable,0.95202,0.0009558024858724737,0,0.95202,-16.72706838449549,-4.3333016962245665,7.280929939827078,0.08709126909656624,0.03322957650121107,0.07864718745566943,6.139706380211557,0.02466,0.02332,0.88094,0.0014483419237182914,0.95202,0.0034835073167954755,0.07108,0.0014614360704142204
4,50,0.5,1.0,50000,SN,0.95204,0.0009556132941729097,0,0.95204,-16.895245584543545,-4.495841919590122,7.112497286920665,0.08075886553946215,0.034910583051536284,0.0750746424016699,6.14458004844128,0.02466,0.0233,0.87542,0.0014768874269896132,0.9518,0.003655893201071625,0.07662,0.0014947348248582197
4,50,0.5,1.0,50000,stable,0.94842,0.000989136023001892,0,0.94842,-16.952652055946494,-4.3275708450626365,7.425410311045709,0.08917258952299864,0.02787371399475467,0.07718108991788766,6.224592440916333,0.02668,0.0249,0.88028,0.0014518066097108115,0.94842,0.004839881012825342,0.06814,0.0014632777014745469
4,50,0.5,1e-06,50000,SN,0.95204,0.0009556132941729097,0,0.95204,-16.895245584543524,-4.495841919590092,7.112497286920574,0.08075886553946847,0.034910583051534494,0.07507464240166543,6.14458004844128,0.02466,0.0233,0.87542,0.0014768874269896132,0.9518,0.0036558932010750667,0.07662,0.0014947348248582197
4,50,0.5,1e-06,50000,stable,0.94842,0.000989136023001892,0,0.94842,-16.952652055946245,-4.3275708450627,7.425410311045634,0.08917258952299387,0.027873713994751824,0.0771810899178885,6.224592440916333,0.02668,0.0249,0.88028,0.0014518066097108115,0.94842,0.004839881012841274,0.06814,0.0014632777014745469
4,50,0.9,1.0,50000,SN,0.95204,0.0009556132941729097,0,0.95204,-16.89524558454354,-4.4958419195901245,7.112497286920653,0.08075886553946171,0.03491058305153653,0.07507464240167035,6.144580048441278,0.02466,0.0233,0.87542,0.0014768874269896132,0.9518,0.003655893201071181,0.07662,0.0014947348248582197
4,50,0.9,1.0,50000,stable,0.94224,0.001043300363270329,0,0.94224,-17.291392070906976,-4.325039417287841,7.782863956816603,0.09478515391335951,0.03277802705385095,0.0718475574230851,6.421545014374323,0.0293,0.02846,0.88322,0.0014362620345883964,0.94186,0.012213282553860588,0.05902,0.001455051592041571
4,50,0.9,1e-06,50000,SN,0.95204,0.0009556132941729097,0,0.95204,-16.89524558454364,-4.495841919589839,7.112497286920556,0.08075886553947156,0.034910583051541696,0.07507464240166385,6.14458004844128,0.02466,0.0233,0.87542,0.0014768874269896132,0.9518,0.003655893201055971,0.07662,0.0014947348248582197
4,50,0.9,1e-06,50000,stable,0.94224,0.001043300363270329,0,0.94224,-17.291392070907015,-4.325039417287858,7.782863956816562,0.09478515391336487,0.03277802705385727,0.07184755742308192,6.421545014374323,0.0293,0.02846,0.88322,0.0014362620345883964,0.94186,0.01221328255386131,0.05902,0.001455051592041571
4,50,0.99,1.0,50000,SN,0.95204,0.0009556132941729097,0,0.95204,-16.895245584543567,-4.495841919590002,7.1124972869204965,0.08075886553945852,0.03491058305153456,0.07507464240166946,6.144580048441278,0.02466,0.0233,0.87542,0.0014768874269896132,0.9518,0.003655893201061744,0.07662,0.0014947348248582197
4,50,0.99,1.0,50000,stable,0.93898,0.0010704817569673942,0,0.93898,-17.409758252610608,-4.2987743281824695,7.915457836808281,0.09803282658756565,0.035784236331365495,0.07202159477201117,6.482227450480879,0.03104,0.02998,0.88374,0.0014334825593637337,0.93928,0.013998445515321228,0.05524,0.0014510041200007412
4,50,0.99,1e-06,50000,SN,0.95204,0.0009556132941729097,0,0.95204,-16.895245584544682,-4.495841919589503,7.112497286920964,0.08075886553947187,0.03491058305152969,0.07507464240166853,6.144580048441281,0.02466,0.0233,0.87542,0.0014768874269896132,0.9518,0.0036558932011042655,0.07662,0.0014947348248582197
4,50,0.99,1e-06,50000,stable,0.93898,0.0010704817569673942,0,0.93898,-17.409758252610597,-4.29877432818238,7.915457836808266,0.09803282658756587,0.03578423633136673,0.07202159477200801,6.48222745048088,0.03104,0.02998,0.88374,0.0014334825593637337,0.93928,0.013998445515322921,0.05524,0.0014510041200007412
4,200,0.0,1.0,50000,SN,0.9491,0.0009829464888792263,0,0.9491,-14.246358907476404,-2.2065169254709573,9.559567985040063,0.0782480492881917,0.03569034528456088,0.0566876103506462,6.05943052243502,0.02546,0.02544,0.931,0.0011334813628816308,0.94922,0.00405190855430948,0.0181,0.0009933113979768212
4,200,0.0,1.0,50000,stable,0.94906,0.0009833119179588946,0,0.94906,-14.159283825956512,-2.132045563507244,9.63680450639144,0.07384180117605307,0.037030242983660755,0.05944751057469614,6.05863686566432,0.02544,0.0255,0.93222,0.0011241518723019586,0.94898,0.004080826552250283,0.01684,0.0009785435294092845
4,200,0.0,1e-06,50000,SN,0.9491,0.0009829464888792263,0,0.9491,-14.246358907476425,-2.2065169254710284,9.55956798504013,0.07824804928819348,0.035690345284563676,0.05668761035064004,6.0594305224350204,0.02546,0.02544,0.931,0.0011334813628816308,0.94922,0.004051908554312589,0.0181,0.0009933113979768212
4,200,0.0,1e-06,50000,stable,0.94906,0.0009833119179588946,0,0.94906,-14.159283825956564,-2.1320455635073063,9.636804506391387,0.07384180117605306,0.037030242983657605,0.05944751057470071,6.058636865664321,0.02544,0.0255,0.93222,0.0011241518723019586,0.94898,0.004080826552262606,0.01684,0.0009785435294092845
4,200,0.5,1.0,50000,SN,0.9491,0.0009829464888792263,0,0.9491,-14.2463589074764,-2.2065169254709587,9.55956798504006,0.0782480492881916,0.035690345284560894,0.05668761035064599,6.05943052243502,0.02546,0.02544,0.931,0.0011334813628816308,0.94922,0.004051908554309258,0.0181,0.0009933113979768212
4,200,0.5,1.0,50000,stable,0.94534,0.001016585307782874,0,0.94534,-14.311888819728226,-2.1330565982958776,9.822747295563573,0.07619080654338636,0.037383292875954266,0.06917835725746549,6.147357901531544,0.0271,0.02756,0.93214,0.0011247668238350563,0.94546,0.0074352215503317165,0.0132,0.0009780257310963829
4,200,0.5,1e-06,50000,SN,0.9491,0.0009829464888792263,0,0.9491,-14.246358907476582,-2.2065169254709893,9.559567985040147,0.0782480492881956,0.035690345284559,0.05668761035064209,6.05943052243502,0.02546,0.02544,0.931,0.0011334813628816308,0.94922,0.00405190855431492,0.0181,0.0009933113979768212
4,200,0.5,1e-06,50000,stable,0.94534,0.001016585307782874,0,0.94534,-14.311888819728306,-2.1330565982959255,9.822747295563618,0.07619080654338976,0.0373832928759555,0.06917835725746871,6.147357901531544,0.0271,0.02756,0.93214,0.0011247668238350563,0.94546,0.007435221550335158,0.0132,0.0009780257310963829
4,200,0.9,1.0,50000,SN,0.9491,0.0009829464888792263,0,0.9491,-14.246358907476418,-2.206516925470978,9.559567985040061,0.07824804928819036,0.035690345284560936,0.05668761035064601,6.05943052243502,0.02546,0.02544,0.931,0.0011334813628816308,0.94922,0.004051908554309258,0.0181,0.0009933113979768212
4,200,0.9,1.0,50000,stable,0.93828,0.0010762029697041352,0,0.93828,-14.644069334597031,-2.1202008613372567,10.155320791139218,0.07894139827086616,0.03519714080078713,0.0778466928935811,6.338985078360149,0.0305,0.03122,0.9337,0.0011126932191758878,0.93816,0.01522203244195175,0.00458,0.0009599994291550802
4,200,0.9,1e-06,50000,SN,0.9491,0.0009829464888792263,0,0.9491,-14.24635890747675,-2.2065169254707837,9.559567985040008,0.07824804928820007,0.03569034528456071,0.05668761035063188,6.05943052243502,0.02546,0.02544,0.931,0.0011334813628816308,0.94922,0.004051908554327799,0.0181,0.0009933113979768212
4,200,0.9,1e-06,50000,stable,0.93828,0.0010762029697041352,0,0.93828,-14.644069334597091,-2.120200861337194,10.155320791139582,0.07894139827087031,0.035197140800788944,0.07784669289358306,6.338985078360148,0.0305,0.03122,0.9337,0.0011126932191758878,0.93816,0.015222032441952638,0.00458,0.0009599994291550802
4,200,0.99,1.0,50000,SN,0.9491,0.0009829464888792263,0,0.9491,-14.24635890747629,-2.206516925470966,9.559567985040289,0.07824804928817515,0.035690345284554545,0.056687610350648766,6.059430522435021,0.02546,0.02544,0.931,0.0011334813628816308,0.94922,0.004051908554286943,0.0181,0.0009933113979768212
4,200,0.99,1.0,50000,stable,0.93584,0.0010958420908141829,0,0.93584,-14.80558183181543,-2.130671270991734,10.255229312064635,0.08749070699088216,0.03898833725127304,0.08454068279577785,6.3959688108090145,0.03166,0.0325,0.9336,0.0011134724064834297,0.93586,0.01778584439229347,0.00224,0.0009570360319023141
4,200,0.99,1e-06,50000,SN,0.9491,0.0009829464888792263,0,0.9491,-14.246358907477296,-2.2065169254708654,9.559567985040383,0.07824804928821584,0.03569034528456884,0.056687610350622794,6.059430522435021,0.02546,0.02544,0.931,0.0011334813628816308,0.94922,0.004051908554357886,0.0181,0.0009933113979768212
4,200,0.99,1e-06,50000,stable,0.93584,0.0010958420908141829,0,0.93584,-14.805581831815418,-2.1306712709917535,10.255229312064555,0.0874907069908889,0.03898833725127121,0.08454068279577916,6.3959688108090145,0.03166,0.0325,0.9336,0.0011134724064834297,0.93586,0.017785844392298245,0.00224,0.0009570360319023141
4,1000,0.0,1.0,50000,SN,0.94886,0.0009851365428203338,0,0.94886,-12.881481923407748,-0.9998416824647955,10.786328021965025,0.06992815058041194,0.03284889477512842,0.07532563946289575,6.0064587311122795,0.02562,0.02552,0.94588,0.0010118401612903092,0.94896,0.0028007182766788263,0.00298,0.0006488688716653407
4,1000,0.0,1.0,50000,stable,0.9489,0.000984771953296803,0,0.9489,-12.85614484292598,-0.9607873967039345,10.820640819286753,0.07162299957487421,0.033071152710515736,0.07720258323942157,6.006464943857695,0.02566,0.02544,0.94608,0.001010075577370327,0.94882,0.0026787294857166244,0.00282,0.0006339156008332495
4,1000,0.0,1e-06,50000,SN,0.94886,0.0009851365428203338,0,0.94886,-12.8814819234077,-0.9998416824647858,10.786328021964984,0.0699281505804188,0.03284889477512868,0.07532563946290126,6.0064587311122795,0.02562,0.02552,0.94588,0.0010118401612903092,0.94896,0.0028007182766841,0.00298,0.0006488688716653407
4,1000,0.0,1e-06,50000,stable,0.9489,0.000984771953296803,0,0.9489,-12.856144842925948,-0.9607873967040376,10.820640819286641,0.07162299957487858,0.03307115271051091,0.0772025832394264,6.006464943857695,0.02566,0.02544,0.94608,0.001010075577370327,0.94882,0.0026787294857195665,0.00282,0.0006339156008332495
4,1000,0.5,1.0,50000,SN,0.94886,0.0009851365428203338,0,0.94886,-12.881481923407748,-0.999841682464812,10.786328021965023,0.06992815058041152,0.03284889477512876,0.07532563946289668,6.0064587311122795,0.02562,0.02552,0.94588,0.0010118401612903092,0.94896,0.002800718276679104,0.00298,0.0006488688716653407
4,1000,0.5,1.0,50000,stable,0.94688,0.0010029782210995407,0,0.94688,-12.952550998377403,-0.9431204506889114,10.91622795874845,0.06133968885288184,0.037591955525771256,0.05496563467285801,6.088983909115846,0.02656,0.02656,0.94662,0.0010052917546662758,0.9468,0.0052278902905699975,0.00026,0.000625784691511068
4,1000,0.5,1e-06,50000,SN,0.94886,0.0009851365428203338,0,0.94886,-12.881481923407884,-0.9998416824649508,10.786328021965014,0.06992815058042015,0.03284889477513011,0.07532563946289912,6.0064587311122795,0.02562,0.02552,0.94588,0.0010118401612903092,0.94896,0.002800718276674552,0.00298,0.0006488688716653407
4,1000,0.5,1e-06,50000,stable,0.94688,0.0010029782210995407,0,0.94688,-12.952550998377422,-0.9431204506888702,10.916227958748408,0.06133968885288606,0.03759195552577361,0.054965634672853224,6.088983909115848,0.02656,0.02656,0.94662,0.0010052917546662758,0.9468,0.005227890290570469,0.00026,0.000625784691511068
4,1000,0.9,1.0,50000,SN,0.94886,0.0009851365428203338,0,0.94886,-12.881481923407696,-0.9998416824647225,10.786328021965032,0.06992815058041388,0.032848894775123885,0.0753256394628948,6.0064587311122795,0.02562,0.02552,0.94588,0.0010118401612903092,0.94896,0.002800718276682712,0.00298,0.0006488688716653407
4,1000,0.9,1.0,50000,stable,0.93888,0.0010713015037793977,0,0.93888,-13.301246624145872,-0.9235626967981899,11.31296716239143,0.07298237776311732,0.04107904197286567,0.05373786280243529,6.266022271570495,0.03,0.03112,0.94746,0.0009977930486829423,0.9388,0.011586953607249345,-0.00858,0.000639793606342838
4,1000,0.9,1e-06,50000,SN,0.94886,0.0009851365428203338,0,0.94886,-12.881481923407707,-0.9998416824649121,10.786328021965135,0.06992815058043475,0.032848894775139865,0.0753256394628937,6.0064587311122795,0.02562,0.02552,0.94588,0.0010118401612903092,0.94896,0.0028007182766813243,0.00298,0.0006488688716653407
4,1000,0.9,1e-06,50000,stable,0.93888,0.0010713015037793977,0,0.93888,-13.301246624145923,-0.9235626967982735,11.312967162391312,0.07298237776311703,0.04107904197286877,0.053737862802432826,6.266022271570496,0.03,0.03112,0.94746,0.0009977930486829423,0.9388,0.011586953607251815,-0.00858,0.000639793606342838
4,1000,0.99,1.0,50000,SN,0.94886,0.0009851365428203338,0,0.94886,-12.881481923407552,-0.9998416824648559,10.786328021965737,0.0699281505803784,0.0328488947751492,0.07532563946292861,6.006458731112281,0.02562,0.02552,0.94588,0.0010118401612903092,0.94896,0.002800718276651515,0.00298,0.0006488688716653407
4,1000,0.99,1.0,50000,stable,0.93682,0.001088009996277608,0,0.93682,-13.40585547198544,-0.9243350198310447,11.454440645152202,0.08242802160060063,0.038622205856887026,0.0627737332654472,6.318903891758621,0.03146,0.03172,0.94754,0.0009970752067923459,0.93696,0.013276964350189213,-0.01072,0.0006197655316216639
4,1000,0.99,1e-06,50000,SN,0.94886,0.0009851365428203338,0,0.94886,-12.881481923407543,-0.9998416824641678,10.786328021965387,0.06992815058047622,0.032848894775122275,0.07532563946293243,6.006458731112283,0.02562,0.02552,0.94588,0.0010118401612903092,0.94896,0.0028007182767232353,0.00298,0.0006488688716653407
4,1000,0.99,1e-06,50000,stable,0.93682,0.001088009996277608,0,0.93682,-13.405855471985365,-0.9243350198310294,11.454440645152168,0.08242802160060546,0.03862220585688774,0.06277373326545074,6.318903891758622,0.03146,0.03172,0.94754,0.0009970752067923459,0.93696,0.013276964350181442,-0.01072,0.0006197655316216639
