experiment,r,n,rho,reps,denominator,coverage,mcse,failures,conditional_coverage,scaled_log_q025,scaled_log_q50,scaled_log_q975,scaled_log_q025_mcse,scaled_log_q50_mcse,scaled_log_q975_mcse,scaled_log_sd,tail_lower,tail_upper,delta_coverage,delta_mcse,corrected_normal_coverage,pit_KS,transport_minus_delta,paired_mcse
block,1,50,0.0,50000,SN,0.95052,0.0009698631821035375,0,0.95052,-4.558716074361628,-0.4005704449723696,3.381922247773126,0.021997872807296336,0.013772276469978594,0.026619970587563907,2.0291065981419663,0.02516,0.02432,0.94142,0.0010502226773403817,0.95008,0.004230632971178316,0.0091,0.0008061989823461593
block,1,50,0.0,50000,stable,0.95032,0.0009717190705136948,0,0.95032,-4.3668214783600305,-0.2536347791267088,3.532670978554257,0.019765174008580993,0.014783910875393194,0.024739750772327544,2.0187696520255054,0.02478,0.0249,0.94764,0.0009961769963214365,0.95062,0.004348851119944097,0.00268,0.0006990465830847803
block,1,50,0.5,50000,SN,0.95052,0.0009698631821035375,0,0.95052,-4.558716074361631,-0.40057044497236866,3.3819222477731223,0.021997872807296388,0.013772276469978681,0.02661997058756399,2.0291065981419663,0.02516,0.02432,0.94142,0.0010502226773403817,0.95008,0.004230632971177817,0.0091,0.0008061989823461593
block,1,50,0.5,50000,stable,0.92216,0.0011981730626249283,0,0.92216,-4.82296088568032,-0.25512820833201555,3.997186788084404,0.021581549253227337,0.016264859116271325,0.029359753164088002,2.253179925507085,0.03728,0.04056,0.94452,0.0010237379508448437,0.92282,0.02888930445975124,-0.02236,0.0008121661161831398
block,1,50,0.9,50000,SN,0.95052,0.0009698631821035375,0,0.95052,-4.558716074361629,-0.40057044497236904,3.3819222477731086,0.02199787280729664,0.013772276469978936,0.02661997058756438,2.0291065981419663,0.02516,0.02432,0.94142,0.0010502226773403817,0.95008,0.00423063297117704,0.0091,0.0008061989823461593
block,1,50,0.9,50000,stable,0.85576,0.0015712085946811775,0,0.85576,-5.7930014601423,-0.21676206497635953,4.821658469290995,0.028373843308966605,0.014256763819902762,0.035283899134053345,2.7088982669428185,0.06982,0.07442,0.94514,0.0010183357049617775,0.85648,0.07483257474673755,-0.08938,0.001275874942593271
block,1,50,0.99,50000,SN,0.95052,0.0009698631821035375,0,0.95052,-4.558716074361491,-0.4005704449725151,3.3819222477730584,0.02199787280729499,0.01377227646997584,0.02661997058756741,2.0291065981419663,0.02516,0.02432,0.94142,0.0010502226773403817,0.95008,0.004230632971153003,0.0091,0.0008061989823461593
block,1,50,0.99,50000,stable,0.83726,0.0016507918851266503,0,0.83726,-6.099028091816305,-0.21404796507768326,5.028867761326344,0.033336542233456196,0.012835133801718529,0.03285184729537725,2.8369788746642572,0.0793,0.08344,0.94702,0.001001729700068836,0.83852,0.0858711822471917,-0.10976,0.0013979606338801812
block,1,200,0.0,50000,SN,0.94946,0.0009796500232225796,0,0.94946,-4.238956341262792,-0.18253097199347798,3.6525303951142396,0.022450498054335844,0.011400977901654275,0.02002450710689939,2.00639565625082,0.02556,0.02498,0.94796,0.000993295911599358,0.95002,0.0028826078110947284,0.0015,0.0005723299321466812
block,1,200,0.0,50000,stable,0.95022,0.000972645378336833,0,0.95022,-4.1477291441300554,-0.11303558874213392,3.709565526234803,0.023658673891444347,0.011446677366442497,0.019955334886724383,2.0037052283227004,0.02522,0.02456,0.94968,0.00097762873934843,0.95052,0.0031133828374975137,0.00054,0.0004935575346206352
block,1,200,0.5,50000,SN,0.94946,0.0009796500232225796,0,0.94946,-4.238956341262791,-0.1825309719934814,3.6525303951142396,0.022450498054335834,0.01140097790165417,0.020024507106899285,2.00639565625082,0.02556,0.02498,0.94796,0.000993295911599358,0.95002,0.0028826078110939513,0.0015,0.0005723299321466812
block,1,200,0.5,50000,stable,0.9223,0.0011971859504688483,0,0.9223,-4.612395157639962,-0.11850970438342284,4.174885389303872,0.025949556311718865,0.014648739221624074,0.022151725336763843,2.2324726504929018,0.03768,0.04002,0.95004,0.0009743099958432122,0.92298,0.027958093493845815,-0.02774,0.0007349970424519057
block,1,200,0.9,50000,SN,0.94946,0.0009796500232225796,0,0.94946,-4.238956341262798,-0.18253097199347393,3.6525303951142214,0.022450498054335688,0.011400977901653845,0.02002450710689878,2.0063956562508203,0.02556,0.02498,0.94796,0.000993295911599358,0.95002,0.002882607811087179,0.0015,0.0005723299321466812
block,1,200,0.9,50000,stable,0.85658,0.001567486546034766,0,0.85658,-5.548011547032252,-0.09190151350002423,5.038712135482678,0.03141670619185645,0.016327119787466305,0.028604900450127868,2.6955417772731263,0.0701,0.07332,0.94816,0.0009914899333830877,0.85656,0.07391884808354265,-0.09158,0.0012899206758196404
block,1,200,0.99,50000,SN,0.94946,0.0009796500232225796,0,0.94946,-4.23895634126283,-0.18253097199360424,3.652530395114564,0.022450498054344258,0.011400977901662434,0.020024507106896006,2.00639565625082,0.02556,0.02498,0.94796,0.000993295911599358,0.95002,0.00288260781107047,0.0015,0.0005723299321466812
block,1,200,0.99,50000,stable,0.83722,0.0016509553089045143,0,0.83722,-5.80812286672173,-0.09657624501341999,5.236001453136097,0.0351502666122477,0.01861076964601898,0.024003864553694746,2.824625687220213,0.07938,0.0834,0.94844,0.0009889546642794101,0.83738,0.08700629179135932,-0.11122,0.0014060731747798393
block,1,1000,0.0,50000,SN,0.94976,0.0009768924444379734,0,0.94976,-4.035160848272746,-0.08362016751968919,3.817335889123249,0.028403699780063248,0.012489536576367503,0.023332392882565396,1.9986874305227877,0.02464,0.0256,0.94948,0.0009794664833469291,0.94998,0.005230149627672764,0.00028,0.0003898736616257126
block,1,1000,0.0,50000,stable,0.94958,0.0009785481449576204,0,0.94958,-3.9976428792001903,-0.05450973051835653,3.849830586367518,0.029566605818110485,0.012117664602440755,0.02219081248941325,1.9982015711196435,0.02456,0.02586,0.94958,0.0009785481449576204,0.94976,0.00533242901743658,0.0,0.000342931993326725
block,1,1000,0.5,50000,SN,0.94976,0.0009768924444379734,0,0.94976,-4.0351608482727315,-0.0836201675196989,3.817335889123245,0.02840369978006324,0.012489536576366901,0.023332392882565788,1.998687430522788,0.02464,0.0256,0.94948,0.0009794664833469291,0.94998,0.005230149627674319,0.00028,0.0003898736616257126
block,1,1000,0.5,50000,stable,0.92006,0.0012128445605270283,0,0.92006,-4.476676383455791,-0.05590944854748082,4.3253843900675815,0.03290974217684674,0.01059098708193949,0.030996569098554184,2.2378420104177397,0.03904,0.0409,0.94892,0.000984589595719963,0.92024,0.029261735196376204,-0.02886,0.0007487010211455446
block,1,1000,0.9,50000,SN,0.94976,0.0009768924444379734,0,0.94976,-4.035160848272795,-0.08362016751965677,3.817335889123239,0.028403699780066412,0.012489536576364906,0.02333239288256646,1.9986874305227875,0.02464,0.0256,0.94948,0.0009794664833469291,0.94998,0.005230149627672376,0.00028,0.0003898736616257126
block,1,1000,0.9,50000,stable,0.85446,0.0015770739259781071,0,0.85446,-5.41163454501555,-0.04953439674312987,5.173769788633094,0.04347337322991238,0.01730426567747325,0.027624477728774445,2.6956350432745477,0.07114,0.0744,0.94882,0.0009855009649919172,0.85502,0.07288475525330829,-0.09436,0.0013073476932934957
block,1,1000,0.99,50000,SN,0.94976,0.0009768924444379734,0,0.94976,-4.0351608482732955,-0.0836201675197305,3.8173358891231106,0.028403699780121406,0.01248953657636031,0.023332392882553732,1.9986874305227922,0.02464,0.0256,0.94948,0.0009794664833469291,0.94998,0.005230149627513281,0.00028,0.0003898736616257126
block,1,1000,0.99,50000,stable,0.83686,0.0016524245241462618,0,0.83686,-5.666409451153365,-0.04462958666259807,5.399404983822637,0.03950351973034255,0.017440963289295404,0.03610657024252979,2.8195845612815966,0.07996,0.08318,0.94932,0.0009809336124325637,0.83692,0.08364633694602519,-0.11246,0.0014129030022962928
block,3,50,0.0,50000,SN,0.94892,0.000984589595719963,0,0.94892,-10.322286798881521,-3.07868186271186,3.808099829948458,0.03892510231236234,0.014541525956946428,0.03935436856106088,3.604767426926402,0.02574,0.02534,0.84406,0.0016224839993047697,0.9493,0.004169404405093169,0.10486,0.0016806380035218702
block,3,50,0.0,50000,stable,0.94954,0.0009789156082114531,0,0.94954,-8.842128425019391,-1.700611777403497,5.047878633255954,0.039699020545691695,0.017150432038643488,0.04317647872905066,3.5460418845710797,0.02562,0.02484,0.92406,0.001184678153761603,0.94936,0.005032294239211643,0.02548,0.0011305931880296893
block,3,50,0.5,50000,SN,0.94892,0.000984589595719963,0,0.94892,-10.322286798881521,-3.0786818627118637,3.8080998299484636,0.038925102312362264,0.01454152595694641,0.03935436856106074,3.6047674269264016,0.02574,0.02534,0.84406,0.0016224839993047697,0.9493,0.0041694044050936685,0.10486,0.0016806380035218702
block,3,50,0.5,50000,stable,0.91958,0.001216163012099941,0,0.91958,-9.609070780792173,-1.726266293758811,5.856977500706289,0.04723804936616942,0.019274750457902952,0.04576403344185667,3.945430415675338,0.03952,0.0409,0.92188,0.0012001438713754278,0.9195,0.02997203796459108,-0.0023,0.0011683841416375218
block,3,50,0.9,50000,SN,0.94892,0.000984589595719963,0,0.94892,-10.322286798881528,-3.0786818627118553,3.8080998299484943,0.03892510231236319,0.01454152595694547,0.03935436856106166,3.6047674269264016,0.02574,0.02534,0.84406,0.0016224839993047697,0.9493,0.0041694044050961665,0.10486,0.0016806380035218702
block,3,50,0.9,50000,stable,0.85584,0.0015708462330858482,0,0.85584,-11.26797817095053,-1.693090556306728,7.304919928773681,0.0626407710704593,0.021922072632081565,0.03659550550696462,4.7512334847031585,0.07066,0.0735,0.92746,0.0011599823136582733,0.8561,0.07230691072645923,-0.07162,0.0011531860685779097
block,3,50,0.99,50000,SN,0.94892,0.000984589595719963,0,0.94892,-10.322286798882349,-3.07868186271199,3.8080998299484805,0.038925102312366254,0.014541525956943907,0.03935436856105801,3.604767426926403,0.02574,0.02534,0.84406,0.0016224839993047697,0.9493,0.004169404405132471,0.10486,0.0016806380035218702
block,3,50,0.99,50000,stable,0.83612,0.0016554355656442808,0,0.83612,-11.74770780465637,-1.6896803934082238,7.711754661804038,0.061810547027780174,0.02189186411544272,0.042426745257595676,4.9724373857996955,0.08072,0.08316,0.92958,0.0011442117251627868,0.83742,0.0831358280840454,-0.09346,0.0013017443907193055
block,3,200,0.0,50000,SN,0.95004,0.0009743099958432122,0,0.95004,-8.361249830923954,-1.4681571040489645,5.333570911444901,0.046830515551835136,0.015429927534225143,0.036052210323281215,3.487650753417293,0.02404,0.02592,0.92624,0.001168926536613829,0.94996,0.0031824301606978023,0.0238,0.0010799511682898064
block,3,200,0.0,50000,stable,0.94998,0.0009748640889888186,0,0.94998,-7.6767186527991225,-0.8207747369738014,5.960891878140162,0.04893022007750437,0.01568326034867791,0.03666336512679852,3.4743076564259963,0.02416,0.02586,0.94402,0.001028068476318577,0.9504,0.0024391205472713284,0.00596,0.0007798087778645486
block,3,200,0.5,50000,SN,0.95004,0.0009743099958432122,0,0.95004,-8.361249830923951,-1.4681571040489658,5.333570911444895,0.04683051555183497,0.01542992753422508,0.03605221032328067,3.487650753417293,0.02404,0.02592,0.92624,0.001168926536613829,0.94996,0.003182430160696914,0.0238,0.0010799511682898064
block,3,200,0.5,50000,stable,0.92138,0.0012036519064912415,0,0.92138,-8.48336288336999,-0.8144863265776419,6.767679026274097,0.04390012536082795,0.019013855217482604,0.04446026548166387,3.882206081785108,0.03844,0.04018,0.94368,0.0010310000737148376,0.9211,0.02907497828702643,-0.0223,0.0007889655564934293
block,3,200,0.9,50000,SN,0.95004,0.0009743099958432122,0,0.95004,-8.361249830923962,-1.4681571040489627,5.333570911444868,0.0468305155518341,0.015429927534225053,0.03605221032328144,3.4876507534172925,0.02404,0.02592,0.92624,0.001168926536613829,0.94996,0.0031824301607026317,0.0238,0.0010799511682898064
block,3,200,0.9,50000,stable,0.85494,0.0015749133080903213,0,0.85494,-10.081408025169262,-0.7885980196127064,8.242114302960196,0.05387724745760074,0.01890318037121964,0.05162999204537185,4.675839650322578,0.07146,0.0736,0.9447,0.0010221732729826193,0.85516,0.0727576522582496,-0.08976,0.0012783174605357614
block,3,200,0.99,50000,SN,0.95004,0.0009743099958432122,0,0.95004,-8.361249830923944,-1.4681571040490065,5.33357091144517,0.046830515551823146,0.01542992753422084,0.03605221032329232,3.487650753417291,0.02404,0.02592,0.92624,0.001168926536613829,0.94996,0.0031824301606283023,0.0238,0.0010799511682898064
block,3,200,0.99,50000,stable,0.8381,0.0016473517535729885,0,0.8381,-10.607524321146032,-0.7927482591147349,8.615492182353885,0.05194036524827679,0.02297345287617765,0.05628172190409157,4.89092631182744,0.08002,0.08188,0.94526,0.0010172859224426532,0.8381,0.0828741866037982,-0.10716,0.001383319543510894
block,3,1000,0.0,50000,SN,0.94898,0.000984042271449758,0,0.94898,-7.5348545786328724,-0.651018479586529,6.116584298425296,0.056527133866064415,0.024342037045148417,0.04515929658658729,3.469021478709312,0.02578,0.02524,0.9445,0.0010239116172795384,0.94904,0.001947357148686435,0.00448,0.0006896434616249785
block,3,1000,0.0,50000,stable,0.94912,0.0009827637111737494,0,0.94912,-7.24120552617797,-0.36823550846113656,6.395446960619363,0.05911474047574998,0.022630451550528684,0.044251823797904544,3.465338688917456,0.02554,0.02534,0.94812,0.0009918514566203958,0.9492,0.00200281072697156,0.001,0.0005373879192124756
block,3,1000,0.5,50000,SN,0.94898,0.000984042271449758,0,0.94898,-7.534854578632893,-0.6510184795865548,6.1165842984252885,0.05652713386606458,0.024342037045149083,0.045159296586587516,3.469021478709312,0.02578,0.02524,0.9445,0.0010239116172795384,0.94904,0.0019473571486874341,0.00448,0.0006896434616249785
block,3,1000,0.5,50000,stable,0.9214,0.0012035118611796063,0,0.9214,-8.024697831913995,-0.3874369198124138,7.099503728495083,0.07003750460191142,0.022377676820787146,0.048928029522914064,3.8647124507678976,0.0397,0.0389,0.94966,0.0009778127059923087,0.92134,0.027571034375594577,-0.02826,0.0007411062223248808
block,3,1000,0.9,50000,SN,0.94898,0.000984042271449758,0,0.94898,-7.534854578633012,-0.6510184795865459,6.11658429842548,0.05652713386607171,0.024342037045151133,0.04515929658658996,3.469021478709312,0.02578,0.02524,0.9445,0.0010239116172795384,0.94904,0.0019473571486857688,0.00448,0.0006896434616249785
block,3,1000,0.9,50000,stable,0.85464,0.001576264383915338,0,0.85464,-9.576518720223424,-0.4015671465985907,8.65281209353274,0.06682763954494553,0.02654742317664156,0.06776368362165484,4.66134103304848,0.0735,0.07186,0.9494,0.0009802003876759077,0.85486,0.0728931207564881,-0.09476,0.0013098263857867646
block,3,1000,0.99,50000,SN,0.94898,0.000984042271449758,0,0.94898,-7.534854578634501,-0.6510184795868268,6.116584298422546,0.05652713386612419,0.024342037045139896,0.04515929658665481,3.469021478709308,0.02578,0.02524,0.9445,0.0010239116172795384,0.94904,0.0019473571485900676,0.00448,0.0006896434616249785
block,3,1000,0.99,50000,stable,0.83602,0.001655841535896476,0,0.83602,-9.999421183874707,-0.3821848999636068,9.063978224121549,0.06703148200683005,0.03047327832443974,0.07356640810283543,4.881811723850828,0.08358,0.0804,0.94922,0.000981849190049063,0.83584,0.08307472649875744,-0.1132,0.0014169528415254695
