law,n,reps,v_name,v,method,variance_ratio,Gaussian_coverage_benchmark,emp_minus_G,paired_mcse,fieller_factor,coverage,mcse,failures,conditional_coverage,T_q025,T_q50,T_q975,T_q025_mcse,T_q50_mcse,T_q975_mcse,T_sd,se_q025,se_q50,se_q975,se_q025_mcse,se_q50_mcse,se_q975_mcse,se_sd,error_q025,error_q50,error_q975,error_q025_mcse,error_q50_mcse,error_q975_mcse,error_sd,enlarged_G_coverage
G,100,50000,1,1.0,emp,1.0,0.95,-0.0068,0.0006078507955508432,1.274268874687892,0.93732,0.0010839854021157292,0,0.93732,-2.2526342403146153,-0.02783584035135741,1.8998348941111727,0.01732056188961551,0.007796432113066185,0.009970304132504612,1.048745275725943,0.09194165957791656,0.11965517481597948,0.15520880397033676,0.00012563604348828214,8.431826688530342e-05,0.0002485654353073668,0.016147456927822525,-0.23131549367797088,-0.003287067525988183,0.25308771047207235,0.0013335938720478926,0.0009184039210664337,0.0013979960473365573,0.12339972933851176,0.98318
G,100,50000,1,1.0,G,1.0,0.95,-0.0068,0.0006078507955508432,1.274268874687892,0.94412,0.0010272042211751278,0,0.94412,-2.177987319188047,-0.026953426154647582,1.8354002218961067,0.014636474422372852,0.007515954360450082,0.009904384496639445,1.0197230395625727,0.10129553245391415,0.12191262858955376,0.1460513939258262,0.00012256965254807872,7.32103288485407e-05,0.0001687468264514749,0.011399479248939479,-0.23131549367797088,-0.003287067525988183,0.25308771047207235,0.0013335938720478926,0.0009184039210664337,0.0013979960473365573,0.12339972933851176,0.98318
G,100,50000,n^-1/2,0.1,emp,1.0,0.95,-0.00768,0.0006213115744628063,1.274268874687892,0.93814,0.0010773424747961998,0,0.93814,-2.102948504330916,-0.006153171743935556,2.0251815809291567,0.013551338909042887,0.008334180327665745,0.012837948064869256,1.0498840150636406,0.16420959043890268,0.2163338811769,0.28596892442795174,0.00020976074770529565,0.00021025381109710472,0.00047837612164203886,0.031118548553410615,-0.4385005450688983,-0.0014035426294772976,0.4433763376329539,0.0032929053117803594,0.0017947181260880474,0.0024388888158019496,0.22528238668377756,0.98376
G,100,50000,n^-1/2,0.1,G,1.0,0.95,-0.00768,0.0006213115744628063,1.274268874687892,0.94582,0.0010123687826083933,0,0.94582,-2.033988001453399,-0.005924573039369163,1.959830705745946,0.013235472786459937,0.00812704691564577,0.010625623445625777,1.0213374971236906,0.17899027457041156,0.22024674877936173,0.2710811791452117,0.00014431990681127503,0.00012052937832201824,0.0003771247352720461,0.023493890191797564,-0.4385005450688983,-0.0014035426294772976,0.4433763376329539,0.0032929053117803594,0.0017947181260880474,0.0024388888158019496,0.22528238668377756,0.98376
G,100,50000,n^-1,0.01,emp,1.0,0.95,-0.0076,0.0006245419129666328,1.274268874687892,0.9375,0.0010825317547305483,0,0.9375,-2.077293306428471,0.0009260016701558368,2.0665697359614836,0.014824781249352884,0.007914190275913611,0.01271299843632393,1.0522142569157142,0.5162617728150801,0.6767972379978896,0.8876929291311201,0.0006611818606448162,0.0005770400153449148,0.0017254588224290348,0.09535082276969609,-1.3809000187392706,0.0006799536098075322,1.382493668600367,0.010385420690699034,0.005407712332602415,0.007264004021580769,0.7048367556072164,0.98324
G,100,50000,n^-1,0.01,G,1.0,0.95,-0.0076,0.0006245419129666328,1.274268874687892,0.9451,0.0010186853292356768,0,0.9451,-2.006143660591139,0.0009123419864546691,1.997618603140851,0.013394779345978958,0.00783518842343164,0.011878783442982334,1.023910708407186,0.5639735724168187,0.6894662157768814,0.840513601177086,0.0004997690665334461,0.0003614872557275937,0.001146722757757333,0.07085719211609255,-1.3809000187392706,0.0006799536098075322,1.382493668600367,0.010385420690699034,0.005407712332602415,0.007264004021580769,0.7048367556072164,0.98324
G,100,50000,n^-2,0.0001,emp,1.0,0.95,-0.00756,0.0006251917668163153,1.274268874687892,0.93756,0.0010820466385512229,0,0.93756,-2.075868806270946,0.001963232884839018,2.069349144583622,0.014661976442055821,0.007967997191209764,0.01254128228730043,1.0524605777128222,5.165937132293557,6.767690647584704,8.867233305217551,0.006265583578460338,0.005811309089218292,0.01746176229493506,0.9491530975113893,-13.817003460103017,0.01353466940811848,13.809020101872125,0.1041137716046487,0.053957700642137375,0.07745165813611612,7.047483661115685,0.98312
G,100,50000,n^-2,0.0001,G,1.0,0.95,-0.00756,0.0006251917668163153,1.274268874687892,0.94512,0.0010185105360279788,0,0.94512,-2.0087646804776695,0.0020630799304912,2.0001881052848716,0.01367458447456367,0.007865649114009905,0.011869882584075977,1.0241777608658846,5.6450135437641995,6.894915920376046,8.388185979355505,0.0047268696949756515,0.0038128990706770777,0.009793024494670958,0.7029433995742926,-13.817003460103017,0.01353466940811848,13.809020101872125,0.1041137716046487,0.053957700642137375,0.07745165813611612,7.047483661115685,0.98312
G,300,50000,1,1.0,emp,1.0,0.95,-0.0027,0.00045371611957957075,1.0709122024908506,0.94564,0.0010139525669379211,0,0.94564,-2.08100976089974,-0.016353934311746334,1.9158232790895382,0.012472638396896694,0.004962977095147182,0.012225110865756814,1.0159164688266111,0.059974394087644003,0.0698473249103817,0.08147272219176695,5.7048563850556855e-05,3.016511134878992e-05,7.780216753085084e-05,0.005468581657349826,-0.13338174595509475,-0.0011426223954763858,0.1432370947398604,0.0008278389007499276,0.0003494714978194503,0.0008772684073154287,0.07066419940330905,0.963
G,300,50000,1,1.0,G,1.0,0.95,-0.0027,0.00045371611957957075,1.0709122024908506,0.94834,0.0009898610447936624,0,0.94834,-2.059842755517363,-0.016245850573507033,1.8915904377080546,0.013691508220845913,0.004940300889411895,0.011039338095584699,1.0068094806437469,0.06321721851432582,0.07029067828507532,0.07801522565948893,4.758095480606558e-05,1.8360067696095908e-05,5.3667539154873226e-05,0.0037810733709723156,-0.13338174595509475,-0.0011426223954763858,0.1432370947398604,0.0008278389007499276,0.0003494714978194503,0.0008772684073154287,0.07066419940330905,0.963
G,300,50000,n^-1/2,0.057735026918962574,emp,1.0,0.95,-0.00258,0.00047103217451272743,1.0709122024908506,0.9448,0.0010213026975387858,0,0.9448,-2.003286473498329,0.0072474601121985715,2.0068275066397194,0.012209139073603641,0.004865793164697021,0.014481918310090405,1.0183732895755264,0.1412945938154251,0.16561774205784552,0.19492788877173922,0.0001613458795552921,5.71331703500072e-05,0.0002153799293210616,0.013706099889540616,-0.32765484010105084,0.0011610031242781978,0.33467531077915225,0.0016458262817879577,0.0008025034613198548,0.002233832804724455,0.168456211812982,0.9621
G,300,50000,n^-1/2,0.057735026918962574,G,1.0,0.95,-0.00258,0.00047103217451272743,1.0709122024908506,0.94738,0.000998510246316982,0,0.94738,-1.9770853688651204,0.007115707559019395,1.9860198428121512,0.010183379871220895,0.004847578181296558,0.013177342977797829,1.008546922535913,0.14838014117302495,0.1667612490734069,0.18770220173978516,0.00011056305914031103,5.6130278987145844e-05,0.00013039004932410053,0.010015224928677088,-0.32765484010105084,0.0011610031242781978,0.33467531077915225,0.0016458262817879577,0.0008025034613198548,0.002233832804724455,0.168456211812982,0.9621
G,300,50000,n^-1,0.0033333333333333335,emp,1.0,0.95,-0.00266,0.00047525046581787297,1.0709122024908506,0.94476,0.0010216510402285112,0,0.94476,-1.9936884660288883,0.008041532943307901,2.0130247442530655,0.011581833913662609,0.005085818032005814,0.014602494433626576,1.0192368723244878,0.5875244533803552,0.686888418377998,0.8069007278878744,0.0007130750225143929,0.00023461434549575761,0.0009265852500953762,0.05596956385153889,-1.3587056672598758,0.005510270186432797,1.3770697376680934,0.00661250276016708,0.0035040670121118667,0.009627250906876142,0.698594665940224,0.96224
G,300,50000,n^-1,0.0033333333333333335,G,1.0,0.95,-0.00266,0.00047525046581787297,1.0709122024908506,0.94742,0.0009981517279452053,0,0.94742,-1.9680342713652612,0.007916426694328777,1.9916069270496461,0.009381517181815215,0.00511038869469647,0.013822456443422634,1.0092416874290886,0.6172968066213731,0.6915762348260668,0.7758237027804703,0.0003759996938319423,0.00022734012415064902,0.0005673240281370798,0.04026947507733516,-1.3587056672598758,0.005510270186432797,1.3770697376680934,0.00661250276016708,0.0035040670121118667,0.009627250906876142,0.698594665940224,0.96224
G,300,50000,n^-2,1.1111111111111112e-05,emp,1.0,0.95,-0.0028,0.0004764952685544937,1.0709122024908506,0.94456,0.0010233905061119146,0,0.94456,-1.994198168658085,0.008597035057475493,2.0140636899345665,0.011707133890593014,0.005300540908364004,0.014499660233094874,1.0192807632236864,10.173840238847188,11.895240948793266,13.97207191115461,0.012453914833721592,0.004004432605499814,0.015149067040244102,0.9682582464300082,-23.525826530143398,0.10395302903307616,23.834903402260355,0.11446725573661765,0.0625987985615526,0.16507253485749201,12.099465195111557,0.9624
G,300,50000,n^-2,1.1111111111111112e-05,G,1.0,0.95,-0.0028,0.0004764952685544937,1.0709122024908506,0.94736,0.0009986894452230885,0,0.94736,-1.968827354096855,0.008565760750601104,1.9921017470095463,0.009530655576961816,0.005218627961131508,0.01373393170210244,1.009279297519726,10.697406797780847,11.977270799752695,13.4335727751164,0.007407384533149831,0.004015857677523331,0.009315991272766522,0.6956476628810416,-23.525826530143398,0.10395302903307616,23.834903402260355,0.11446725573661765,0.0625987985615526,0.16507253485749201,12.099465195111557,0.9624
G,1000,50000,1,1.0,emp,1.0,0.95,-0.00102,0.0003117388901351778,1.0197790060028074,0.9493,0.0009811168126171315,0,0.9493,-2.0235961113223464,-0.011644975001790413,1.9153403012956094,0.012552173348215989,0.003895901226363981,0.011897021778445812,1.0025592737572102,0.0353075580984678,0.0383863287295405,0.04175885617587523,1.7494214058722573e-05,8.97826551456048e-06,2.480696551523812e-05,0.0016538065193445327,-0.07421824613223932,-0.00044248199953604323,0.07656384998690619,0.0004482078577739591,0.00014975883131019676,0.0004120415273182537,0.038420948382169244,0.95414
G,1000,50000,1,1.0,G,1.0,0.95,-0.00102,0.0003117388901351778,1.0197790060028074,0.95032,0.0009717190705136948,0,0.95032,-2.0127118878611094,-0.011535860484611034,1.91076642662338,0.012649077408675626,0.003913230106947168,0.010674321479565388,0.999109781479299,0.03632912958198638,0.03847485007344523,0.040710400992423366,1.0239731115903997e-05,4.9063993462610785e-06,1.324052086239505e-05,0.0011201158537976767,-0.07421824613223932,-0.00044248199953604323,0.07656384998690619,0.0004482078577739591,0.00014975883131019676,0.0004120415273182537,0.038420948382169244,0.95414
G,1000,50000,n^-1/2,0.03162277660168379,emp,1.0,0.95,-0.0006,0.0003382234289663536,1.0197790060028074,0.95,0.0009746794344808968,0,0.95,-1.969988591737382,0.0021844020690788887,1.9551594957910474,0.008198358218925398,0.005692270953613306,0.008613697222242214,1.0025331388708407,0.11262657613994415,0.12302147088652134,0.13451624178605343,4.760535127801934e-05,2.687141364537923e-05,6.717038703310521e-05,0.005567174730147362,-0.2423418292302987,0.0002729220950642104,0.24020198559805514,0.001014328503900943,0.0007052701234723517,0.0011404611501495757,0.12325391075169355,0.95494
G,1000,50000,n^-1/2,0.03162277660168379,G,1.0,0.95,-0.0006,0.0003382234289663536,1.0197790060028074,0.9506,0.0009691196004621927,0,0.9506,-1.9644722260029976,0.0022423359637435167,1.9444236738727103,0.008224419526147537,0.005693602099867666,0.009756713079226024,0.9995160948339475,0.11568590654861138,0.12328556316066991,0.13136200051784575,4.058147645344112e-05,1.8749766018607442e-05,4.045068608511918e-05,0.00399539079923903,-0.2423418292302987,0.0002729220950642104,0.24020198559805514,0.001014328503900943,0.0007052701234723517,0.0011404611501495757,0.12325391075169355,0.95494
G,1000,50000,n^-1,0.001,emp,1.0,0.95,-0.00072,0.00033703398024246276,1.0197790060028074,0.9499,0.0009756022755201019,0,0.9499,-1.968669910558176,0.0017843094218253622,1.9564558401922112,0.008349075970931211,0.0058995460706791295,0.008842197650950751,1.0027163863496913,0.6335741273838307,0.6911215502928627,0.7547584295210871,0.00023300674558598953,0.00015919387683349068,0.00039487305695119177,0.030924062023092877,-1.3630232406161056,0.0012455047818298935,1.351741113066916,0.006071377339905543,0.0040220615228722814,0.006264447449661805,0.6924922670341892,0.95506
G,1000,50000,n^-1,0.001,G,1.0,0.95,-0.00072,0.00033703398024246276,1.0197790060028074,0.95062,0.0009689335952478888,0,0.95062,-1.9614572346072134,0.0018687193772648151,1.9488848617442294,0.008073370441878074,0.005873046363672537,0.008841119223431667,0.9997237558754789,0.650793734870673,0.6925177374835036,0.7368440670524808,0.0002086239285946857,9.915665249455959e-05,0.00023868428662257292,0.021986584234699142,-1.3630232406161056,0.0012455047818298935,1.351741113066916,0.006071377339905543,0.0040220615228722814,0.006264447449661805,0.6924922670341892,0.95506
G,1000,50000,n^-2,1e-06,emp,1.0,0.95,-0.00078,0.00033643735791662026,1.0197790060028074,0.94988,0.0009757867144002325,0,0.94988,-1.9685427145064145,0.0020234281767648006,1.956367561099391,0.008285981720917233,0.005835916502168531,0.008815753225950702,1.0027218507115976,20.036927250593216,21.85373035954325,23.86585781158469,0.008005592279538103,0.005041283435638579,0.012075744435446449,0.977396388874594,-43.099750939225935,0.04594967093201567,42.78159076483489,0.19289145312264636,0.12685591617009437,0.19575354696466468,21.898764324743127,0.95506
G,1000,50000,n^-2,1e-06,G,1.0,0.95,-0.00078,0.00033643735791662026,1.0197790060028074,0.95066,0.0009685614528774109,0,0.95066,-1.9612140807128502,0.0021046674815330853,1.948581578029232,0.008162083458437882,0.005813433353417944,0.00876219481876546,0.99973052555889,20.581245968614834,21.90034050256054,23.3010593222983,0.006494136941071147,0.003316678751138701,0.00837054281264212,0.6946663535260568,-43.099750939225935,0.04594967093201567,42.78159076483489,0.19289145312264636,0.12685591617009437,0.19575354696466468,21.898764324743127,0.95506
E,100,50000,1,1.0,emp,1.0,0.95,-0.02736,0.0010045142054624114,1.274268874687892,0.92104,0.001206029173776489,0,0.92104,-2.5181015513057643,-0.08374524126154029,1.8165584907139853,0.017074408139464897,0.005817427028413308,0.010185957267254402,1.1033086929376337,0.07295877730434208,0.11363810012418377,0.19302509939492077,0.00018043917517046804,0.0001518552045386452,0.0005847577655890574,0.031000016828362714,-0.22416278194946254,-0.009606607307338809,0.276120804871493,0.0010477722966812475,0.0006423973806124544,0.0021642045147233888,0.12731554057378158,0.98604
E,100,50000,1,1.0,G,1.0,0.95,-0.02736,0.0010045142054624114,1.274268874687892,0.9484,0.000989317340391848,0,0.9484,-1.9979510339948738,-0.07817745225571204,1.9451728485254143,0.011218727384056269,0.0051684971993749326,0.01427602432330979,1.0063840953945713,0.09639477512850608,0.12347750953984948,0.163365417549266,0.000108360497938844,9.570652152097856e-05,0.0002900139796543457,0.017197345915078197,-0.22416278194946254,-0.009606607307338809,0.276120804871493,0.0010477722966812475,0.0006423973806124544,0.0021642045147233888,0.12731554057378158,0.98604
E,100,50000,n^-1/2,0.1,emp,1.0,0.95,-0.0248,0.0010780178303019152,1.274268874687892,0.9213,0.0012042118584368782,0,0.9213,-2.465405056820241,-0.06914516710789725,1.89414339378134,0.017350600099155185,0.005268529226294917,0.014964295120853089,1.1076693529996517,0.117590830734221,0.20325968322911767,0.36696773644875036,0.0003147617957123017,0.00038254046726339205,0.0017504219548898294,0.0644165330517547,-0.42663793933627114,-0.013867496130715709,0.49723307200351824,0.002834022854886033,0.001039602275458016,0.0047295023614798495,0.23221800108479362,0.98392
E,100,50000,n^-1/2,0.1,G,1.0,0.95,-0.0248,0.0010780178303019152,1.274268874687892,0.9461,0.0010098989058316674,0,0.9461,-1.8825233379719295,-0.06296865745340505,2.1191609028460743,0.010559562695287095,0.004799258640895187,0.021038524563803455,1.019153477871405,0.15284722915775578,0.22067769732508113,0.3209818928654009,0.0003458874255377628,0.0003495378900378337,0.0006175015540123139,0.04329109680200146,-0.42663793933627114,-0.013867496130715709,0.49723307200351824,0.002834022854886033,0.001039602275458016,0.0047295023614798495,0.23221800108479362,0.98392
E,100,50000,n^-1,0.01,emp,1.0,0.95,-0.02278,0.001084271619521095,1.274268874687892,0.92266,0.0011946424100960083,0,0.92266,-2.4208253162332665,-0.06338215441213146,1.90951699299199,0.017946516069880087,0.005123337340297846,0.013882727301373066,1.1057925249539198,0.3642277602371751,0.6353473868029089,1.149883004542551,0.0013838437948702985,0.0012611097016455362,0.005640399861820832,0.2025330618802879,-1.347364720554498,-0.03900424937147676,1.545638428556975,0.008453066762515189,0.0031994621522779404,0.016327132138562184,0.7260709216719152,0.98256
E,100,50000,n^-1,0.01,G,1.0,0.95,-0.02278,0.001084271619521095,1.274268874687892,0.94544,0.0010157086826447833,0,0.94544,-1.8571001175131525,-0.057915720732261436,2.1635661230948946,0.008366381053325683,0.0047993206014489385,0.020710049688467326,1.0240700636507991,0.4726478925834618,0.6900243304196608,1.0039579199062583,0.0011308982633232683,0.0011178573498455732,0.002031522388977164,0.13682793983915464,-1.347364720554498,-0.03900424937147676,1.545638428556975,0.008453066762515189,0.0031994621522779404,0.016327132138562184,0.7260709216719152,0.98256
E,100,50000,n^-2,0.0001,emp,1.0,0.95,-0.02262,0.0010872857746733909,1.274268874687892,0.92256,0.0011953497094992743,0,0.92256,-2.4171732183660026,-0.06284098806703645,1.911698800880048,0.017939729358675587,0.0049831839510985475,0.013363167974913163,1.1058547670350602,3.6433089078110035,6.353578185702059,11.493802398775168,0.01316607937649474,0.012532013518954263,0.05686629673510133,2.0230896589385687,-13.46857871654915,-0.3866320557002354,15.446163398231317,0.0822323575359937,0.03130370157819817,0.16266408189309614,7.258059334758693,0.98256
E,100,50000,n^-2,0.0001,G,1.0,0.95,-0.02262,0.0010872857746733909,1.274268874687892,0.94518,0.0010179859291758408,0,0.94518,-1.8544835588021586,-0.05719050881161335,2.166115187430102,0.00850385773181528,0.0048042005067929425,0.020226769010544814,1.0244256811454135,4.733321317860567,6.900132421147294,10.0416324319427,0.010711817952449996,0.01099528578055117,0.01721374224721631,1.36434918966912,-13.46857871654915,-0.3866320557002354,15.446163398231317,0.0822323575359937,0.03130370157819817,0.16266408189309614,7.258059334758693,0.98256
E,300,50000,1,1.0,emp,1.0,0.95,-0.0142,0.0008352132372173184,1.0709122024908506,0.93562,0.00109759022954835,0,0.93562,-2.3407706063544427,-0.04995672439063269,1.7907431220015018,0.013576742763917344,0.00640566570161732,0.010680166114883812,1.0532904483372256,0.05038403417540582,0.06743876638463371,0.09762755488094076,9.513980447489439e-05,6.482295200536265e-05,0.0002772947344349996,0.012301119002146576,-0.13096663619083534,-0.003422262733868711,0.14817359367734748,0.0006174861679903029,0.00043488278221366536,0.0010329851467257526,0.07121626309811101,0.9641
E,300,50000,1,1.0,G,1.0,0.95,-0.0142,0.0008352132372173184,1.0709122024908506,0.94982,0.0009763397728250141,0,0.94982,-1.9829921097146515,-0.04806425915903678,1.9369826848130882,0.010168602590892473,0.0061998566124661526,0.012889195520922585,1.0013232365724356,0.06090705348441788,0.07059234549515271,0.08286487654449942,4.990136183029768e-05,3.0429833439237478e-05,7.482832145746245e-05,0.005611026272531981,-0.13096663619083534,-0.003422262733868711,0.14817359367734748,0.0006174861679903029,0.00043488278221366536,0.0010329851467257526,0.07121626309811101,0.9641
E,300,50000,n^-1/2,0.057735026918962574,emp,1.0,0.95,-0.01176,0.0009331942268516777,1.0709122024908506,0.93642,0.0010912156853711366,0,0.93642,-2.3040656115623332,-0.04105588485057046,1.8266773587704037,0.013878817922471401,0.0066554542532412195,0.009730253939650043,1.0568368936174453,0.11180578567615145,0.1591535135116945,0.24106868027089498,0.0002662835552035642,0.00013839209970447985,0.0007089001985363189,0.033239878639848945,-0.3182402723812676,-0.006460567881833774,0.3517334418813619,0.0019656424546491556,0.0010524293436795823,0.002171140411355135,0.17016816381834682,0.96294
E,300,50000,n^-1/2,0.057735026918962574,G,1.0,0.95,-0.01176,0.0009331942268516777,1.0709122024908506,0.94818,0.000991309110217393,0,0.94818,-1.8834558179582281,-0.03908672973871068,2.0627375879448544,0.009791509619265703,0.006438717716487808,0.01477494349654763,1.0105030183221737,0.13330402969855254,0.16675124065926136,0.2085853432738585,0.00019253189631308475,0.0001471818566699187,0.0002203286727921237,0.019277901210227037,-0.3182402723812676,-0.006460567881833774,0.3517334418813619,0.0019656424546491556,0.0010524293436795823,0.002171140411355135,0.17016816381834682,0.96294
E,300,50000,n^-1,0.0033333333333333335,emp,1.0,0.95,-0.01214,0.0009358792258611727,1.0709122024908506,0.93618,0.0010931331812729865,0,0.93618,-2.3015228687286293,-0.039782681971136616,1.8264285150085489,0.013730270355082144,0.006741250762275204,0.00991832467220136,1.05595307302097,0.4632868191928295,0.6597971273772181,1.0004230711187456,0.000995082308464236,0.0005835288478923181,0.0029454903484630616,0.1378175620630405,-1.318615054781543,-0.02609525868230164,1.462662948495579,0.006925666772903502,0.004391563956893446,0.009967638100934354,0.7056972091869473,0.96236
E,300,50000,n^-1,0.0033333333333333335,G,1.0,0.95,-0.01214,0.0009358792258611727,1.0709122024908506,0.94832,0.000990042197080508,0,0.94832,-1.8784171239270895,-0.03813558917488387,2.079626712351227,0.010106509612693758,0.006496070414383234,0.015291278041489017,1.0112318325033878,0.5532418104357439,0.6913514769977062,0.8651001457665413,0.0007215716748381884,0.0006574833842482637,0.0007666428676613541,0.07982492169278649,-1.318615054781543,-0.02609525868230164,1.462662948495579,0.006925666772903502,0.004391563956893446,0.009967638100934354,0.7056972091869473,0.96236
E,300,50000,n^-2,1.1111111111111112e-05,emp,1.0,0.95,-0.01224,0.000938201072491952,1.0709122024908506,0.93604,0.0010942496826593098,0,0.93604,-2.2980664838377964,-0.03985446780321027,1.8258620168107556,0.013262157054788216,0.006683183455901969,0.009677526963004203,1.0559375214583695,8.029784912366889,11.426451720852175,17.32456410000431,0.016962124352016966,0.00933570083711872,0.052041106005267825,2.386505690643498,-22.839983220156697,-0.45630798764800773,25.343473543261652,0.11988516462550736,0.07580832952082099,0.16697920146167208,12.223212496033659,0.9623
E,300,50000,n^-2,1.1111111111111112e-05,G,1.0,0.95,-0.01224,0.000938201072491952,1.0709122024908506,0.94828,0.0009904043780194027,0,0.94828,-1.8767064245089782,-0.038537059061230075,2.079533515202369,0.009804573945503946,0.006451801455963256,0.015203434321491538,1.0112552389650034,9.582163739892247,11.97381111033167,14.980554902619645,0.01197081683310602,0.01124251783325444,0.014666999586196184,1.3812634603951246,-22.839983220156697,-0.45630798764800773,25.343473543261652,0.11988516462550736,0.07580832952082099,0.16697920146167208,12.223212496033659,0.9623
E,1000,50000,1,1.0,emp,1.0,0.95,-0.0039,0.000635691656448031,1.0197790060028074,0.94478,0.0010214768876484679,0,0.94478,-2.1695540636332877,-0.027184107606323685,1.8375732928453,0.013534583282212253,0.0036115367092768454,0.009243105861975128,1.0189718312456328,0.03148664665878182,0.037750080728996875,0.04772971669647609,3.300904039053953e-05,1.9689910852943137e-05,8.889896468283873e-05,0.004170948957939371,-0.07311817592368451,-0.0010302131495525451,0.07863607158427025,0.0003758420527760306,0.00013615546432618086,0.0004647860467564413,0.03861394395406871,0.95346
E,1000,50000,1,1.0,G,1.0,0.95,-0.0039,0.000635691656448031,1.0197790060028074,0.94868,0.0009867751273719867,0,0.94868,-1.9776562560307671,-0.026996182315848237,1.9622976739944566,0.010611440209130414,0.0035546211664927345,0.010577415575169204,0.9995637751057367,0.035470047634173836,0.03852162394554219,0.04199965863448765,1.3571049268914695e-05,1.0914016003912274e-05,2.7440868150442822e-05,0.0016729982844933078,-0.07311817592368451,-0.0010302131495525451,0.07863607158427025,0.0003758420527760306,0.00013615546432618086,0.0004647860467564413,0.03861394395406871,0.95346
E,1000,50000,n^-1/2,0.03162277660168379,emp,1.0,0.95,-0.00468,0.0007285413972118188,1.0197790060028074,0.94354,0.001032204130974101,0,0.94354,-2.167551900258019,-0.021199229217007363,1.8553569187713583,0.011629421127672446,0.004308145522478372,0.009725022122753654,1.0233265942289298,0.09757126955623481,0.1205228102254838,0.1577267837954058,0.00013350363040868192,6.854315999397877e-05,0.0002950493384935766,0.015560287915995338,-0.23716439716495652,-0.0025503778672028147,0.25202064644193983,0.0014537068071525559,0.0005246724857577295,0.0013340258086090783,0.12414395932489983,0.95278
E,1000,50000,n^-1/2,0.03162277660168379,G,1.0,0.95,-0.00468,0.0007285413972118188,1.0197790060028074,0.94822,0.000990947340679615,0,0.94822,-1.9187978277768205,-0.02083923459741199,2.039293068050499,0.010946935605956052,0.004230934578084068,0.009698375634582439,1.00436007264794,0.10894517151342695,0.12323335533944993,0.13954894259640305,9.182701160034398e-05,5.509911636680689e-05,7.911405455992186e-05,0.007798072195734841,-0.23716439716495652,-0.0025503778672028147,0.25202064644193983,0.0014537068071525559,0.0005246724857577295,0.0013340258086090783,0.12414395932489983,0.95278
E,1000,50000,n^-1,0.001,emp,1.0,0.95,-0.00434,0.0007288579509604415,1.0197790060028074,0.94378,0.0010301389382020277,0,0.94378,-2.1690488438978988,-0.020712483092631864,1.8540869164424851,0.012417353700594295,0.004029264454097252,0.009389909203601336,1.0231427105057826,0.5482977420135058,0.6769081889691602,0.8869804947500902,0.0007280007132101089,0.0004389674826011645,0.001801295204711063,0.08738998305603413,-1.3333972782108234,-0.01430979166960961,1.4175099724293216,0.007487069591904044,0.0027721685529543036,0.008459769302932975,0.697296467675287,0.95224
E,1000,50000,n^-1,0.001,G,1.0,0.95,-0.00434,0.0007288579509604415,1.0197790060028074,0.94812,0.0009918514566203958,0,0.94812,-1.9093396494804329,-0.02017674385231915,2.043239684521032,0.010223480266336595,0.004055870405827571,0.009637521355681572,1.0044112030356043,0.6122209229041145,0.6922578263541299,0.7830068903235012,0.00045246512508252576,0.0003252118018948374,0.0004406893715862456,0.04364543714798477,-1.3333972782108234,-0.01430979166960961,1.4175099724293216,0.007487069591904044,0.0027721685529543036,0.008459769302932975,0.697296467675287,0.95224
E,1000,50000,n^-2,1e-06,emp,1.0,0.95,-0.00438,0.0007283041401354317,1.0197790060028074,0.9438,0.0010299666014002592,0,0.9438,-2.1698180438092565,-0.02083656060192016,1.8541471726551193,0.012449150390707531,0.003993301520257835,0.00935809796997019,1.023139233957458,17.340694009534054,21.403536773895844,28.052423517677006,0.023059105146388228,0.013637428676227747,0.0573736982945456,2.7635545474724705,-42.18387591795565,-0.4445778661944654,44.797483572323905,0.2373654742993201,0.0879776939479725,0.2668235851672219,22.050301089304575,0.9522
E,1000,50000,n^-2,1e-06,G,1.0,0.95,-0.00438,0.0007283041401354317,1.0197790060028074,0.94818,0.000991309110217393,0,0.94818,-1.908983208268751,-0.020247772703213852,2.043798885223699,0.010145967999749362,0.004029961316118244,0.0095487196588458,1.0044111559504068,19.364361412096265,21.890714019412076,24.75869693400273,0.013619657570982324,0.009972864517765209,0.013884763909902991,1.379697351350102,-42.18387591795565,-0.4445778661944654,44.797483572323905,0.2373654742993201,0.0879776939479725,0.2668235851672219,22.050301089304575,0.9522
D,100,50000,1,1.0,emp,1.648648648648649,0.8731034368053889,0.06382,0.0011094885178745322,1.274268874687892,0.92878,0.001150197475218929,0,0.92878,-2.380361670053313,-0.04426362817841478,1.8849168492397126,0.01611984065458095,0.0049354043936985035,0.014516934885708214,1.0846940449042601,0.10547467238046362,0.14686716163778163,0.21432018726955337,0.0002519204627674874,0.00011376212402154951,0.0005627942240070099,0.027999856396612743,-0.28817515815790934,-0.0066185927538741866,0.32739914114196217,0.001390432597751003,0.0007439401842569021,0.002886081563507702,0.15758047197590339,0.93862
D,100,50000,1,1.0,G,1.648648648648649,0.8731034368053889,0.06382,0.0011094885178745322,1.274268874687892,0.86496,0.0015284253230040388,0,0.86496,-2.9737323534916245,-0.054058202618435636,2.2598923419943637,0.018207029082363692,0.006172636712057759,0.01507125058341863,1.3328940313874023,0.09231042794918438,0.1206581015950915,0.1570987532954668,0.00013186981017114578,9.517990807689488e-05,0.0002517134548277498,0.016491118159339156,-0.28817515815790934,-0.0066185927538741866,0.32739914114196217,0.001390432597751003,0.0007439401842569021,0.002886081563507702,0.15758047197590339,0.93862
D,100,50000,n^-1/2,0.1,emp,2.959183673469388,0.745448238041895,0.18832,0.001748477250482233,1.274268874687892,0.92754,0.001159392499544481,0,0.92754,-2.1839601939763544,-0.002609668654017964,2.1215274575282765,0.015569822816412265,0.006491572215047678,0.013950573441647093,1.0962029159776574,0.2366180763978818,0.34331625315598485,0.5355173892599642,0.0003987210886880456,0.00038832779362981003,0.0022388577517199844,0.07634079323147666,-0.7432858851008693,-0.0009774066181950315,0.7453547406176028,0.0035222398953314664,0.00224564881893146,0.006028914918893596,0.37924162625301827,0.84776
D,100,50000,n^-1/2,0.1,G,2.959183673469388,0.745448238041895,0.18832,0.001748477250482233,1.274268874687892,0.73922,0.0019635365624301473,0,0.73922,-3.4955802679186982,-0.004404617140198178,3.3179701243022435,0.021498641724106246,0.010509091076969295,0.02283123532059942,1.744825041576396,0.16908103192200236,0.21541259877003516,0.2749337374389163,0.0002378368055071057,0.00015932875300345232,0.0004916128834577237,0.02690842991513907,-0.7432858851008693,-0.0009774066181950315,0.7453547406176028,0.0035222398953314664,0.00224564881893146,0.006028914918893596,0.37924162625301827,0.84776
D,100,50000,n^-1,0.01,emp,2.9995834201208083,0.7422244075587439,0.1933,0.0017660024278838085,1.274268874687892,0.92706,0.0011629252460928002,0,0.92706,-2.1569968604989698,0.0035072542684517014,2.1427051146505636,0.015297808568046639,0.005859088093213817,0.014825519825923056,1.0990603479056846,0.7470182524005072,1.0809038538529718,1.682284622531455,0.0014969263014497117,0.0012483602848126323,0.006678655074752621,0.2377939630936319,-2.3468219470986607,0.003724629086599097,2.3317570418837303,0.01134699825860416,0.0064712550987054114,0.016106870615803244,1.193809793527796,0.8434
D,100,50000,n^-1,0.01,G,2.9995834201208083,0.7422244075587439,0.1933,0.0017660024278838085,1.274268874687892,0.73376,0.001976644947379271,0,0.73376,-3.4777698156880277,0.00555391617125566,3.428415848415829,0.02218599114191521,0.009675481848071755,0.02440167109631104,1.767648831399013,0.5308675982696661,0.6734148252990315,0.8499104199735468,0.0007731503623714022,0.0005626505434220097,0.0014199683543374094,0.08156218334853517,-2.3468219470986607,0.003724629086599097,2.3317570418837303,0.01134699825860416,0.0064712550987054114,0.016106870615803244,1.193809793527796,0.8434
D,100,50000,n^-2,0.0001,emp,2.9999999583333343,0.7421913627692314,0.19318,0.0017655854830174484,1.274268874687892,0.92708,0.0011627783417315614,0,0.92708,-2.1551851646348386,0.005007058622897472,2.1446404804510872,0.015719324492937344,0.005842598175915654,0.015216976643647689,1.0993478279900881,7.481686736518467,10.809955630220802,16.829799898829283,0.014889601332909494,0.011874463785974917,0.07010719024213331,2.37405398841796,-23.478633861474414,0.05527014138574612,23.305613847304567,0.11152103648405798,0.06501332234370512,0.17465426016544258,11.936907316605499,0.84294
D,100,50000,n^-2,0.0001,G,2.9999999583333343,0.7421913627692314,0.19318,0.0017655854830174484,1.274268874687892,0.7339,0.0019763136896758064,0,0.7339,-3.47913161015057,0.00801436528809478,3.437435545473391,0.022008491283203584,0.009639326228201303,0.023870871715991098,1.7690061060715245,5.314104925941238,6.735381968116565,8.487806485382471,0.007339271065805712,0.005927653445594835,0.013382001161675556,0.8112118587548406,-23.478633861474414,0.05527014138574612,23.305613847304567,0.11152103648405798,0.06501332234370512,0.17465426016544258,11.936907316605499,0.84294
D,300,50000,1,1.0,emp,1.648648648648649,0.8731034368053889,0.07108,0.0011498604765719672,1.0709122024908506,0.94218,0.0010438088675614897,0,0.94218,-2.1485114217182733,-0.022563094059695137,1.8895168423765538,0.012991694245512922,0.0045826215989855975,0.010759969141031616,1.0302644479965175,0.071803144923911,0.08795950865731772,0.11188417835028866,8.139230446063843e-05,4.168949755544502e-05,0.00019421966925672093,0.01024171428517222,-0.17002822034592185,-0.0019979144287592633,0.1832911602755906,0.001066638619528342,0.0004019499647403284,0.001234062272083232,0.09052833127584545,0.89562
D,300,50000,1,1.0,G,1.648648648648649,0.8731034368053889,0.07108,0.0011498604765719672,1.0709122024908506,0.8711,0.0014985645798563372,0,0.8711,-2.7436449037210813,-0.02856450089884791,2.3411211883297476,0.01905075620470671,0.005757558405885805,0.01535462707308712,1.3007111951286285,0.06010540445124444,0.07005480151950996,0.08156699216542225,5.595052705566119e-05,2.466682606041742e-05,7.258245708703487e-05,0.005479090631981092,-0.17002822034592185,-0.0019979144287592633,0.1832911602755906,0.001066638619528342,0.0004019499647403284,0.001234062272083232,0.09052833127584545,0.89562
D,300,50000,n^-1/2,0.057735026918962574,emp,2.9862068965517246,0.7432876942310056,0.2016,0.001794216593464592,1.0709122024908506,0.94152,0.0010493816236241227,0,0.94152,-2.0464674532513465,-0.0008516431782517502,2.0351943586017036,0.013481197954885069,0.004409063763816349,0.01640564956166094,1.0396627237383649,0.21973237242734162,0.27708865038774155,0.369546263409644,0.00027197443691988425,0.00021295879004944407,0.0007009414883038135,0.03865471285334222,-0.5664081898698804,-0.00022619283254501026,0.5676682280251987,0.0028069986576990066,0.001234569238398004,0.003858612670613782,0.28935403124064113,0.7706
D,300,50000,n^-1/2,0.057735026918962574,G,2.9862068965517246,0.7432876942310056,0.2016,0.001794216593464592,1.0709122024908506,0.73992,0.0019618276866228595,0,0.73992,-3.430519032340844,-0.0013623019231506122,3.3972798551378265,0.021893821631705484,0.00754590412612203,0.025306344727108736,1.7442998219344874,0.14403985953098533,0.16551003329369102,0.19063440069697535,8.395199954155771e-05,8.319529250511759e-05,0.00018956451341748689,0.0119721990329624,-0.5664081898698804,-0.00022619283254501026,0.5676682280251987,0.0028069986576990066,0.001234569238398004,0.003858612670613782,0.28935403124064113,0.7706
D,300,50000,n^-1,0.0033333333333333335,emp,2.999953704775353,0.7421950319595825,0.20116,0.00179275134002107,1.0709122024908506,0.94078,0.001055585066207362,0,0.94078,-2.0429865719187066,0.00047547883674966445,2.040062407475876,0.012693796677710294,0.0038863972522207107,0.01743575921695171,1.0402519610123,0.9157880600120768,1.1518262163942783,1.5350179931156192,0.0011776813902850502,0.0009834192614069691,0.0030488469177008645,0.15962937120747667,-2.35773946462289,0.0005271725758319184,2.3528396511946905,0.012100962920912332,0.004453527185929258,0.017092695956119543,1.2027176070735395,0.76956
D,300,50000,n^-1,0.0033333333333333335,G,2.999953704775353,0.7421950319595825,0.20116,0.00179275134002107,1.0709122024908506,0.73962,0.0019625608556169665,0,0.73962,-3.4295452604749936,0.0007736858460454144,3.4359749886164783,0.022847590719672264,0.00654063936178909,0.028106340248052353,1.7508678424310051,0.598585760605644,0.6862767080213975,0.7880806701644958,0.00035376564951241534,0.00031062584864075156,0.000715122132456698,0.04855287287875467,-2.35773946462289,0.0005271725758319184,2.3528396511946905,0.012100962920912332,0.004453527185929258,0.017092695956119543,1.2027176070735395,0.76956
D,300,50000,n^-2,1.1111111111111112e-05,emp,2.999999999485597,0.7421913595047369,0.20126,0.0017930846469285887,1.0709122024908506,0.94082,0.0010552509426671934,0,0.94082,-2.043466974692659,0.00023248791615165869,2.0411113320560412,0.012676756501131361,0.003800444934148576,0.01750849514818429,1.0402792360448274,15.857073311158224,19.95261022216384,26.593385728077177,0.02223938099399968,0.01758488845067406,0.052946726273923786,2.763476806934454,-40.82427226125896,0.004625974166049497,40.75034120648125,0.2081831242284009,0.07641113689883378,0.29225330767478935,20.831303144811205,0.76942
D,300,50000,n^-2,1.1111111111111112e-05,G,2.999999999485597,0.7421913595047369,0.20126,0.0017930846469285887,1.0709122024908506,0.73956,0.0019627073464987084,0,0.73956,-3.432176006013452,0.0003886013501761122,3.436365216352657,0.02315118152252764,0.006455463667655571,0.028040473534927078,1.7510316126661964,10.366782228607798,11.886539667532128,13.643612658883566,0.007216515962650974,0.005008816337776802,0.013330147127063197,0.8393981543597,-40.82427226125896,0.004625974166049497,40.75034120648125,0.2081831242284009,0.07641113689883378,0.29225330767478935,20.831303144811205,0.76942
D,1000,50000,1,1.0,emp,1.648648648648649,0.8731034368053889,0.07682,0.0011909668845280297,1.0197790060028074,0.94828,0.0009904043780194027,0,0.94828,-2.025728540659551,-0.017916266873085826,1.9147203688470993,0.016485269559533243,0.006203077852139104,0.012057790660164474,1.010581261940706,0.04348719632777959,0.04895766955906597,0.05598846890215261,2.6419316585611234e-05,1.7992046637975986e-05,5.2962841506593464e-05,0.003179050510868119,-0.09426533035895365,-0.0008947514461367157,0.09932622617303842,0.000711328211749888,0.00030129478119539615,0.0007450411774996736,0.04949472928426164,0.87824
D,1000,50000,1,1.0,G,1.648648648648649,0.8731034368053889,0.07682,0.0011909668845280297,1.0197790060028074,0.87146,0.0014967796658159143,0,0.87146,-2.619541293059319,-0.023264536895473788,2.428080041583542,0.02113948661823635,0.007829794421077852,0.01585967185133275,1.2893942854288334,0.03536473573091891,0.03844100812009588,0.04175388231858206,1.9961888073584537e-05,8.649732317770126e-06,2.696414197890749e-05,0.0016305240441206994,-0.09426533035895365,-0.0008947514461367157,0.09932622617303842,0.000711328211749888,0.00030129478119539615,0.0007450411774996736,0.04949472928426164,0.87824
D,1000,50000,n^-1/2,0.03162277660168379,emp,2.995841995841996,0.7425213989838904,0.20604,0.001808816133363501,1.0197790060028074,0.94726,0.0009995848378201823,0,0.94726,-1.9765063598632857,0.000429465198638371,1.9856727750926444,0.01047251204496,0.004781828725551064,0.01123433940972714,1.011771543171772,0.18309733060328354,0.21019090116777117,0.24804503800248895,0.00011471406079633562,8.583153589846921e-05,0.0002516023284855407,0.016641227925261834,-0.4162884718902167,8.75592668490232e-05,0.4180740698587979,0.002554336269966463,0.0010197422062536321,0.0027629394035868773,0.2133075358161531,0.75082
D,1000,50000,n^-1/2,0.03162277660168379,G,2.995841995841996,0.7425213989838904,0.20604,0.001808816133363501,1.0197790060028074,0.74122,0.0019586368300427725,0,0.74122,-3.3871846399188237,0.0007217210948712692,3.395566454071643,0.019560221709365742,0.008232706052711699,0.022987120087689557,1.734199118608996,0.11383590786176213,0.12292241232110573,0.13280145541509925,5.142311782777966e-05,2.6992210977025477e-05,5.297566661132873e-05,0.004833387905829866,-0.4162884718902167,8.75592668490232e-05,0.4180740698587979,0.002554336269966463,0.0010197422062536321,0.0027629394035868773,0.2133075358161531,0.75082
D,1000,50000,n^-1,0.001,emp,2.9999958333420143,0.7421916899935064,0.2062,0.0018093359759683877,1.0197790060028074,0.94734,0.0009988686039715136,0,0.94734,-1.9763936816989198,0.0017154791866690272,1.989955883232416,0.011513280344057986,0.004867400720679335,0.010875277000417755,1.0117826145212796,1.0297062831009651,1.1816909314446753,1.3937309030967007,0.0007367855554494934,0.00047918965357020163,0.001337314535387699,0.09319513478717015,-2.340964275280259,0.001981572829449377,2.3468530752288648,0.014183840112308535,0.005740131602554413,0.01607314512333971,1.198984294830299,0.75106
D,1000,50000,n^-1,0.001,G,2.9999958333420143,0.7421916899935064,0.2062,0.0018093359759683877,1.0197790060028074,0.74114,0.001958833838792867,0,0.74114,-3.387296340578367,0.0027902170201482245,3.4027478626905188,0.01994551622556376,0.008415565026237826,0.020448723745913562,1.7357430573190833,0.6400789803656652,0.6905574343462574,0.7449067664217809,0.00029493418488781497,0.00013396256490377694,0.00027584916408184435,0.026756618838022758,-2.340964275280259,0.001981572829449377,2.3468530752288648,0.014183840112308535,0.005740131602554413,0.01607314512333971,1.198984294830299,0.75106
D,1000,50000,n^-2,1e-06,emp,2.999999999995834,0.7421913594642613,0.20622,0.0018094009258962517,1.0197790060028074,0.9473,0.0009992268010817161,0,0.9473,-1.9762873271981918,0.0015420452897344488,1.98985725596089,0.011573617561106052,0.004873415220021343,0.010850824444384096,1.0117811406270125,32.55943130213498,37.36752522434795,44.06501167537125,0.023140053236706697,0.01479465263020091,0.04405835261184451,2.9465548108233444,-73.97621642650509,0.057460854343706846,74.21432541477655,0.4496428562665848,0.18106842619175542,0.5063518526000632,37.91473050743133,0.75114
D,1000,50000,n^-2,1e-06,G,2.999999999995834,0.7421913594642613,0.20622,0.0018094009258962517,1.0197790060028074,0.74108,0.00195898153947402,0,0.74108,-3.3872673800166346,0.00260427319010546,3.4017370837876966,0.019851890484311584,0.00835797456193477,0.02030887303129002,1.7357547402401752,20.241440003846765,21.837698511325925,23.559033624437365,0.00897856428270599,0.004096739078284859,0.00823276082990743,0.8455304010886739,-73.97621642650509,0.057460854343706846,74.21432541477655,0.4496428562665848,0.18106842619175542,0.5063518526000632,37.91473050743133,0.75114
